{"errors":[],"warnings":[],"namedChunkGroups":{"app":{"chunks":[3,0,1],"assets":["webpack-runtime-19097329b2aa9534b375.js","webpack-runtime-19097329b2aa9534b375.js.map","styles.58b5aab365576ab625d0.css","styles-bbe985c8ea2a2bddb142.js","styles-bbe985c8ea2a2bddb142.js.map","app-f9ae87b9447848553315.js","app-f9ae87b9447848553315.js.map"],"children":{},"childAssets":{}},"component---src-pages-index-js":{"chunks":[0,4,2],"assets":["styles.58b5aab365576ab625d0.css","styles-bbe985c8ea2a2bddb142.js","styles-bbe985c8ea2a2bddb142.js.map","4-5701b2bb1c1e989c7642.js","4-5701b2bb1c1e989c7642.js.map","component---src-pages-index-js-294524f604e18acf77b8.js","component---src-pages-index-js-294524f604e18acf77b8.js.map"],"children":{},"childAssets":{}}},"assetsByChunkName":{"app":["webpack-runtime-19097329b2aa9534b375.js","styles.58b5aab365576ab625d0.css","styles-bbe985c8ea2a2bddb142.js","app-f9ae87b9447848553315.js"],"component---src-pages-index-js":["styles.58b5aab365576ab625d0.css","styles-bbe985c8ea2a2bddb142.js","4-5701b2bb1c1e989c7642.js","component---src-pages-index-js-294524f604e18acf77b8.js"]}}